Family Portraits Episode 5: You're Not Gonna Believe This...	http://web.archive.org/web/20140121053430oe_/media.focusonthefamily.com/aio/mp3/yourenotgonnabelievethis.mp3	200
Family Portraits Episode 8: The Letter	http://focusonthefamily.mc.tritondigital.com/OFF_ADVENT_ODYSS_P/media/aio/mp3/aiopodcast398.mp3	200
Family Portraits Episode 9: A Different Kind of Peer Presure	http://web.archive.org/web/20140226101602oe_/media.focusonthefamily.com/aio/mp3/differentkindofpeerpressure.mp3	200
1: Whit's Flop | 2022 airing	http://web.archive.org/web/20130408183215oe_/media.focusonthefamily.com/fotf/mp3/aio/aio_20130408.mp3	200
2: The Life of the Party	http://cdn.subsplash.com/audios/FMDDCD/d1013e8e-7d8d-48b1-8f8e-1461c1bf7193/audio.mp3	200
4: Connie Comes to Town	http://cdn.subsplash.com/audios/FMDDCD/1ae4e8ec-89dc-4f02-b260-30caf2a8b26b/audio.mp3	200
5: Gifts for Madge and Guy | 2022 airing	http://web.archive.org/web/20191206224045oe_/www.focusonthefamily.com/wp-content/uploads/2019/11/ody5_2019-12-06-Gifts-for-Madge-and-Guy.mp3	200
7: Promises, Promises	http://cdn.subsplash.com/audios/FMDDCD/de43ff7c-ebaa-4e32-9c14-744edaee4deb/audio.mp3	200
8: Dental Dilemma	http://cdn.subsplash.com/audios/FMDDCD/719a54e8-5bab-4f17-9a37-b704793e1c24/audio.mp3	200
10: Nothing to Fear	http://cdn.subsplash.com/audios/FMDDCD/00046699-39d9-470a-80a0-aae3762181cd/audio.mp3	200
12: The Tangled Web	http://cdn.subsplash.com/audios/FMDDCD/9bda7ba1-5e3d-4113-a981-7b31d0ad2ccb/audio.mp3	200
15: My Brother's Keeper	http://cdn.subsplash.com/audios/FMDDCD/3985c150-fbc3-4437-89b5-cdbda682ef29/audio.mp3	200
16: No Stupid Questions	http://cdn.subsplash.com/audios/FMDDCD/5e916366-83cf-40ee-a9a9-90195c9fec0a/audio.mp3	200
17: A Memeber of the Family, Part 1 of 2	http://cdn.subsplash.com/audios/FMDDCD/1814402f-3a87-48a8-a5b7-69b7361c67ea/audio.mp3	200
18: A Memeber of the Family, Part 2 of 2	http://cdn.subsplash.com/audios/FMDDCD/c37f3c93-bf48-4870-aabb-7ef975b682f3/audio.mp3	200
19: Recollections	http://cdn.subsplash.com/audios/FMDDCD/4681e9a8-5085-4c7a-a736-7c111910dfda/audio.mp3	200
20: Mike Makes Right	http://cdn.subsplash.com/audios/FMDDCD/b8360fe9-3e5b-4208-b879-1d941fcdf6d6/audio.mp3	200
22: A Simple Addition	http://cdn.subsplash.com/audios/FMDDCD/fbf731e9-86aa-49a8-bb63-e557e6ecd50a/audio.mp3	200
27: A Change of Hart	http://cdn.subsplash.com/audios/FMDDCD/5e0d8f52-c5aa-4591-b4a6-16620b96c4a9/audio.mp3	200
28: The Price of Freedom	http://cdn.subsplash.com/audios/FMDDCD/672f80e3-ff5e-4fee-b9e0-144a95e302de/audio.mp3	200
29: Rumor Has It	http://cdn.subsplash.com/audios/FMDDCD/1d4117fa-13dc-4b1d-ab51-51de610ee4fb/audio.mp3	200
30: Honor Thy Parents	http://cdn.subsplash.com/audios/FMDDCD/cc41ca7e-b325-4abd-8923-baa73f8ab602/audio.mp3	200
31: Family Vacation, Part 1 of 2	http://cdn.subsplash.com/audios/FMDDCD/80665e48-95ac-48ec-aa1a-85788c9119b3/audio.mp3	200
32: Family Vacation, Part 2 of 2	http://cdn.subsplash.com/audios/FMDDCD/43634094-8841-48df-a342-3764ad7387a0/audio.mp3	200
33: The Day Independence Came | broadcast version	http://media.focusonthefamily.com/aio/mp3/AIO_033_The_Day_Independence_Came.mp3	200
34: Stormy Weather	http://cdn.subsplash.com/audios/FMDDCD/2c86ac22-1039-4b05-a342-14810f49504a/audio.mp3	200
35: VBS Blues	http://cdn.subsplash.com/audios/FMDDCD/4593fa77-a312-4b73-8f1b-336b6c517479/audio.mp3	200
36: Kids' Radio	http://cdn.subsplash.com/audios/FMDDCD/be201e97-db24-48b9-9f48-3a002682418d/audio.mp3	200
37: Camp What-a-Nut, Part 1 of 2	http://cdn.subsplash.com/audios/FMDDCD/eb4abb61-f158-4171-be18-5af895db2d5a/audio.mp3	200
38: Camp What-a-Nut, Part 2 of 2 | 2016 airing	http://cdn.subsplash.com/audios/FMDDCD/f1e427ed-3c7c-434a-8535-a331429461c4/audio.mp3	200
40: The Case of the Secret Room, Part 2 of 2	http://cdn.subsplash.com/audios/FMDDCD/8ecd3ccc-64b9-4f2f-bf71-cb1d68cd49c0/audio.mp3	200
41: Return to the Bible Room	http://cdn.subsplash.com/audios/FMDDCD/6a47730d-56f2-4f90-b860-4cc9e8c6be84/audio.mp3	200
42: The Last Great Adventure of the Summer	http://cdn.subsplash.com/audios/FMDDCD/a27fc19d-2826-4fc4-b0c5-d12253c93229/audio.mp3	200
43: Back to School	http://cdn.subsplash.com/audios/FMDDCD/7ea6be3e-d45c-4007-bbf8-b43fa86e9ccb/audio.mp3	200
44: It Sure Seems Like It to Me	http://cdn.subsplash.com/audios/FMDDCD/e483234a-9bc1-4973-a784-0688b67cf37c/audio.mp3	200
46: The Shepherd and the Giant	http://cdn.subsplash.com/audios/FMDDCD/0934a213-8cab-42bd-b716-1a3fa58c64b7/audio.mp3	200
47: A Single Vote	http://cdn.subsplash.com/audios/FMDDCD/c85bb2c4-d2d7-4208-b03c-deb93322d7cd/audio.mp3	200
48: Heroes	http://cdn.subsplash.com/audios/FMDDCD/3079f7f6-e553-4bf2-aa0e-f0d90941a8e7/audio.mp3	200
49: Thank You, God	http://cdn.subsplash.com/audios/FMDDCD/c47e041d-8e1b-4f97-b5a0-780a307a5481/audio.mp3	200
50: Karen	http://cdn.subsplash.com/audios/FMDDCD/b647b8e0-ceb3-43f2-9aa3-17abb442c991/audio.mp3	200
51: Connie, Part 1 of 2	http://cdn.subsplash.com/audios/FMDDCD/90614c28-5abc-4350-9ab8-774e6fd1ddab/audio.mp3	200
52: Connie, Part 2 of 2	http://cdn.subsplash.com/audios/FMDDCD/c3b880ab-8d7d-4308-a5fa-4f7b67b36dc7/audio.mp3	200
53: The Sacred Trust	http://cdn.subsplash.com/audios/FMDDCD/a92f6ab9-9bf5-4909-bf0e-b47fb22b1f92/audio.mp3	200
56: By Faith, Noah	http://cdn.subsplash.com/audios/FMDDCD/e35ea70c-b5dc-41cf-9a8b-638ab6efafb6/audio.mp3	200
57: The Prodigal, Jimmy	http://cdn.subsplash.com/audios/FMDDCD/12fa47bc-4e7d-4ad6-b09e-f00cfc732fad/audio.mp3	200
58: A Matter of Obedience	http://cdn.subsplash.com/audios/FMDDCD/cec9b414-694e-426b-8121-3132fdfb3379/audio.mp3	200
59: A Worker Approved	http://cdn.subsplash.com/audios/FMDDCD/20416f08-2d4e-4068-a873-a1788932551d/audio.mp3	200
60: And When You Pray...	http://cdn.subsplash.com/audios/FMDDCD/4d19d147-6f83-4a86-ab55-0e9777f6b04f/audio.mp3	200
61: The Boy who Didn't Go to Church	http://cdn.subsplash.com/audios/FMDDCD/c858b155-04c8-4e97-bcac-0b347441e080/audio.mp3	200
62: Let This Mind Be in You	http://cdn.subsplash.com/audios/FMDDCD/a5758fff-7fd9-4dbd-9993-d656dc7c6ab0/audio.mp3	200
63: A Good and Faithful Servant	http://cdn.subsplash.com/audios/FMDDCD/8bb759ca-20b6-4ec3-9d90-b8733379601c/audio.mp3	200
64: The Greatest of These	http://cdn.subsplash.com/audios/FMDDCD/d9d5505a-5d4e-459a-a7d1-fde25b906d54/audio.mp3	200
65: Bad Company	http://cdn.subsplash.com/audios/FMDDCD/98f448b1-0fc0-4e9b-9db9-491f3615115d/audio.mp3	200
66: The Imagination Station, Part 1 of 2 | broadcast version	http://cdn.subsplash.com/audios/FMDDCD/5d08f676-4449-40a4-b3ac-4083a39cb5d8/audio.mp3	200
67: The Imagination Station, Part 2 of 2 | broadcast version	http://cdn.subsplash.com/audios/FMDDCD/2fdf4172-3549-416a-8e57-d1fe571e5fbe/audio.mp3	200
68: Choices	http://cdn.subsplash.com/audios/FMDDCD/d5ccbfae-b0fb-4bcc-a861-62a95a642454/audio.mp3	200
69: Go Ye Therefore	http://cdn.subsplash.com/audios/FMDDCD/8eb44629-47d0-4548-a036-b98b211846c3/audio.mp3	200
72: An Encounter with Mrs. Hooper	http://cdn.subsplash.com/audios/FMDDCD/dcf89916-1113-4a89-b9b0-17bb69253bf7/audio.mp3	200
73: A Bite of Applesauce	http://cdn.subsplash.com/audios/FMDDCD/b3f0b3dc-acfe-47e2-ac3f-784a4230ada5/audio.mp3	200
74: Connie Goes to Camp, Part 1 of 2	http://cdn.subsplash.com/audios/FMDDCD/90893e57-73a9-4f50-8af3-b78f89efbb96/audio.mp3	200
75: Connie Goes to Camp, Part 2 of 2	http://cdn.subsplash.com/audios/FMDDCD/61d75201-72b5-44df-8f3e-087eb0eeabc1/audio.mp3	200
76: Eugene's Dilemma	http://cdn.subsplash.com/audios/FMDDCD/efbda98c-9898-4d66-8475-ee8237e796bf/audio.mp3	200
77: The Nemesis, Part 1 of 2	http://cdn.subsplash.com/audios/FMDDCD/9b076442-287b-4a41-b6ae-33383a91a552/audio.mp3	200
78: The Nemesis, Part 2 of 2 | 2019 airing	http://cdn.subsplash.com/audios/FMDDCD/bcca2ce7-2b98-4ec5-a3e7-a53f14b0cc00/audio.mp3	200
79: Our Best Vacation Ever	http://cdn.subsplash.com/audios/FMDDCD/067f8050-3f5f-4c57-9cf3-10f5d41bef0f/audio.mp3	200
80: A Prisoner for Christ | broadcast version	http://media.focusonthefamily.com/aio/mp3/AIO_080_A_Prisoner_for_Christ.mp3	200
81: Good Business	http://cdn.subsplash.com/audios/FMDDCD/e69d6206-1bc4-44e7-83c6-754b2964ab62/audio.mp3	200
82: Heatwave	http://cdn.subsplash.com/audios/FMDDCD/6118e2e1-8581-4c5b-b458-472339edb26a/audio.mp3	200
83: The Battle, Part 1 of 2	http://cdn.subsplash.com/audios/FMDDCD/446df7b9-5c9a-4d90-a965-bb515260b497/audio.mp3	200
84: The Battle, Part 2 of 2	http://cdn.subsplash.com/audios/FMDDCD/da706c40-857c-4925-888c-25efd40a04df/audio.mp3	200
85: You Go to School Where?	http://focusonthefamily.mc.tritondigital.com/OFF_ADVENT_ODYSS_P/media/aio/mp3/aiopodcast57.mp3	200
86: Isaac the Insecure	http://cdn.subsplash.com/audios/FMDDCD/70b3c378-5242-4ef8-a8a0-dbf34b57fff4/audio.mp3	200
87: Elijah, Part 1 of 2	http://cdn.subsplash.com/audios/FMDDCD/01ce42b9-4748-4fbc-ae09-e666cf16f0dc/audio.mp3	200
88: Elijah, Part 2 of 2	http://cdn.subsplash.com/audios/FMDDCD/6c07851b-3c3a-4fb7-9b16-300d81d2886d/audio.mp3	200
89: That's Not Fair!	http://cdn.subsplash.com/audios/FMDDCD/590ab1ed-6c07-4a77-9731-00ca5d7fe5d7/audio.mp3	200
90: But, You Promised	http://cdn.subsplash.com/audios/FMDDCD/90224180-3fac-4227-b253-c0968e602e86/audio.mp3	200
91: A Mission for Jimmy	http://cdn.subsplash.com/audios/FMDDCD/f543a8a2-e99c-4d2d-8acf-83523cae384e/audio.mp3	200
92: The Ill-Gotten Deed	http://cdn.subsplash.com/audios/FMDDCD/bf480ad7-f098-499e-a513-dd4703c02981/audio.mp3	200
93: Rescue from Manatugo Point	http://cdn.subsplash.com/audios/FMDDCD/9eeb7512-9c78-4dc9-bf06-80e006b629c1/audio.mp3	200
94: Operation DigOut	http://cdn.subsplash.com/audios/FMDDCD/a438ae9f-eb99-4339-b9eb-11f8c443cebc/audio.mp3	200
95: The Very Best of Friends	http://cdn.subsplash.com/audios/FMDDCD/acf9772f-de0d-4388-af7a-e304d04fd69b/audio.mp3	200
96: The Reluctant Rival | 2019 airing	http://cdn.subsplash.com/audios/FMDDCD/dd3ee219-75d1-46e9-9bf3-4746aa78b0f1/audio.mp3	200
97: Monty's Christmas | 2019 airing	http://cdn.subsplash.com/audios/FMDDCD/31ef1248-6d6b-48e1-b6f3-40b5b947227a/audio.mp3	200
99: The Barclay Family Ski Vacation	http://cdn.subsplash.com/audios/FMDDCD/b243d1d8-d6d8-40b6-8b0e-2211188d7802/audio.mp3	200
100: Ice Fishing | 2019 airing	http://cdn.subsplash.com/audios/FMDDCD/5358fe80-e84c-4f89-84f0-144b9cfd5b28/audio.mp3	200
101: Scattered Seeds	http://cdn.subsplash.com/audios/FMDDCD/69037793-62bf-4960-b2ef-9b54fa3dc9cd/audio.mp3	200
102: The Treasure of LeMonde!	http://cdn.subsplash.com/audios/FMDDCD/38adcf83-0c01-477f-b8ef-6ee96846da32/audio.mp3	200
103: Front Page News	http://cdn.subsplash.com/audios/FMDDCD/720a9518-f94a-4296-97ac-0f519812916d/audio.mp3	200
106: By Any Other Name	http://cdn.subsplash.com/audios/FMDDCD/643cd346-1c45-4f14-982a-8285183d1c18/audio.mp3	200
107: Bad Luck	http://cdn.subsplash.com/audios/FMDDCD/f94e5939-18b9-488e-bd35-e282858db99d/audio.mp3	200
108: Isaac the Courageous	http://cdn.subsplash.com/audios/FMDDCD/76cd6233-2081-4d47-84b1-e62ca4228e95/audio.mp3	200
109: Two Sides to Every Story	http://cdn.subsplash.com/audios/FMDDCD/86830938-ef87-49bf-bfde-5c2b9a6d250a/audio.mp3	200
110: A…is for Attitude	http://cdn.subsplash.com/audios/FMDDCD/2ef7eae1-8187-4994-9fc7-7ea81c69021f/audio.mp3	200
111: First Love	http://cdn.subsplash.com/audios/FMDDCD/533d6777-8c17-464f-9186-70ccdc0b905c/audio.mp3	200
113: Suspicious Minds | special 2014 airing	http://cdn.subsplash.com/audios/FMDDCD/59013ec9-495d-48f4-82ce-f9d8e2755770/audio.mp3	200
114: The Big Broadcast	http://cdn.subsplash.com/audios/FMDDCD/86b8dac1-46b8-4628-a2c4-a68fb5bc5a78/audio.mp3	200
115: An Act of Mercy	http://cdn.subsplash.com/audios/FMDDCD/edbd5314-41e9-4c44-80e1-4fdddc872421/audio.mp3	200
116: Isaac the Benevolent	http://cdn.subsplash.com/audios/FMDDCD/2fa7eeb6-3928-4098-9767-496a19c00018/audio.mp3	200
117: The Trouble With Girls	http://cdn.subsplash.com/audios/FMDDCD/198ec8c8-e439-4b73-a788-35431e7ba6f8/audio.mp3	200
118: What Happened to the Silver Streak?	http://cdn.subsplash.com/audios/FMDDCD/5bd5962e-be1f-4243-bba9-8db439348412/audio.mp3	200
119: Better Late Than Never	http://cdn.subsplash.com/audios/FMDDCD/df5d28a5-1e8f-4830-b996-f0d3bfc7fb14/audio.mp3	200
120: Pranks for the Memories	http://cdn.subsplash.com/audios/FMDDCD/f9dbe195-79f9-4d93-911e-ec4db20989ca/audio.mp3	200
121: Missing Person | 2022 airing	http://web.archive.org/web/20130827003104oe_/media.focusonthefamily.com/fotf/mp3/aio/aio_20130826.mp3	200
122: Castles & Cauldrons, Part 1 of 2	http://cdn.subsplash.com/audios/FMDDCD/f492c631-bec7-4453-9971-348ccbc993a3/audio.mp3	200
123: Castles & Cauldrons, Part 2 of 2	http://cdn.subsplash.com/audios/FMDDCD/dd437a6b-2264-402d-b445-dcf69a6f3fa3/audio.mp3	200
124: The Winning Edge	http://cdn.subsplash.com/audios/FMDDCD/a491673f-7f32-4802-8646-fb131401721a/audio.mp3	200
125: All's Well With Boswell	http://cdn.subsplash.com/audios/FMDDCD/0ed76a4d-1d8b-49d9-83c6-00fb96edf6b2/audio.mp3	200
127: Have You No Selpurcs? | 7/28/2022 airing	http://web.archive.org/web/20131114011009oe_/media.focusonthefamily.com/fotf/mp3/aio/aio_20130903.mp3	200
128: One Bad Apple	http://cdn.subsplash.com/audios/FMDDCD/176d6f08-f6aa-401d-ba0a-853cd4ff82ab/audio.mp3	200
129: Not One of Us | 2022 airing	http://web.archive.org/web/20131114010956oe_/media.focusonthefamily.com/fotf/mp3/aio/aio_20130905.mp3	200
130: Bernard and Joseph, Part 1 of 2 | special 2014 airing | 2022 airing	http://web.archive.org/web/20131114010948oe_/media.focusonthefamily.com/fotf/mp3/aio/aio_20130906.mp3	200
131: Bernard and Joseph, Part 2 of 2 | special 2014 airing | 2022 airing	http://web.archive.org/web/20131114010935oe_/media.focusonthefamily.com/fotf/mp3/aio/aio_20130909.mp3	200
133: Cousin Albert | 2022 airing	http://web.archive.org/web/20131114010927oe_/media.focusonthefamily.com/fotf/mp3/aio/aio_20130910.mp3	200
138: The Adventure of the Adventure | 2022 airing	http://web.archive.org/web/20131114010920oe_/media.focusonthefamily.com/fotf/mp3/aio/aio_20130911.mp3	200
139: Melanie's Diary | 2022 airing	http://web.archive.org/web/20131114010917oe_/media.focusonthefamily.com/fotf/mp3/aio/aio_20130912.mp3	200
140: The Vow	http://web.archive.org/web/20131114010909oe_/media.focusonthefamily.com/fotf/mp3/aio/aio_20130913.mp3	200
142: Train Ride | 2022 airing	http://web.archive.org/web/20131114010846oe_/media.focusonthefamily.com/fotf/mp3/aio/aio_20130917.mp3	200
143: Muckraker | 2022 airing	http://web.archive.org/web/20131114010828oe_/media.focusonthefamily.com/fotf/mp3/aio/aio_20130918.mp3	200
144: Someone to Watch Over Me | 2022 airing	http://web.archive.org/web/20131114010809oe_/media.focusonthefamily.com/fotf/mp3/aio/aio_20130919.mp3	200
145: The Second Coming | 2022 airng	http://web.archive.org/web/20131114010800oe_/media.focusonthefamily.com/fotf/mp3/aio/aio_20130920.mp3	200
149: By Dawns Early Light | broadcast version	http://media.focusonthefamily.com/aio/mp3/AIO_149_By_Dawns_Early_Light.mp3	200
153: Mayor for a Day | 2013 airing 2022 airing	http://media.focusonthefamily.com/aio/mp3/AIO_153_Mayor_for_a_Day.mp3	200
161: Isaac the True Friend | broadcast version	http://media.focusonthefamily.com/aio/mp3/AIO_161_Isaac_the_True_Friend.mp3	200
173: A Thanksgiving Carol	http://cdn.subsplash.com/audios/FMDDCD/e0cdd820-108d-4b30-a22f-48e8dc785ced/audio.mp3	200
184: Isaac the Chivalrous | broadcast version	http://media.focusonthefamily.com/aio/mp3/AIO_184_Isaac_the_Chivalrous.mp3	200
209: Columbus: The Grand Voyage	http://media.focusonthefamily.com/aio/mp3/AIO_209_Columbus_The_Grand_Voyage.mp3	200
215: Here We Come a-Caroling	http://cdn.subsplash.com/audios/FMDDCD/dcf4d8a3-daab-4928-9179-9b72c7019dc5/audio.mp3	200
229: The Marriage Feast | broadcast version	http://media.focusonthefamily.com/aio/mp3/AIO_229_The_Marriage_Feast.mp3	200
253: A Time for Christmas	http://media.focusonthefamily.com/aio/mp3/AIO_253_A_Time_for_Christmas.mp3	200
259: The Potential in Elliot	http://media.focusonthefamily.com/aio/mp3/AIO_259_The_Potential_in_Elliot.mp3	200
354: Blind Justice | 2020 airing	http://web.archive.org/web/20140601215819oe_/media.focusonthefamily.com/fotf/mp3/aio/aiow_20140531.mp3	200
372: For Whom the Wedding Bells Toll, Part 1 of 3	http://cdn.subsplash.com/audios/FMDDCD/44431fa5-3410-4da9-97b2-0b0ab9e7fc32/audio.mp3	200
373: For Whom the Wedding Bells Toll, Part 2 of 3	http://cdn.subsplash.com/audios/FMDDCD/cf43480c-7ff0-4c95-82cf-ede28877897f/audio.mp3	200
374: For Whom the Wedding Bells Toll, Part 3 of 3	http://cdn.subsplash.com/audios/FMDDCD/5041bd71-f5c9-40f3-b888-77aed67a6adc/audio.mp3	200
377: Just Say Yes	http://cdn.subsplash.com/audios/FMDDCD/a7a85127-1283-4cf3-8c53-a952e908d67d/audio.mp3	200
378: The Painting	http://cdn.subsplash.com/audios/FMDDCD/a1141179-2956-4218-8193-6a9807ec93d6/audio.mp3	200
379: Best Face Forward	http://cdn.subsplash.com/audios/FMDDCD/bd8690be-e6ab-4a1c-881c-5afa2c4e8fdc/audio.mp3	200
380: The One About Trust, Part 1 of 2	http://cdn.subsplash.com/audios/FMDDCD/1348aaec-3101-4817-acb0-de6bb26a40e8/audio.mp3	200
381: The One About Trust, Part 2 of 2	http://cdn.subsplash.com/audios/FMDDCD/72865bdb-a39f-4f64-a084-ce0fcc8ced78/audio.mp3	200
382: Viva La Difference	http://cdn.subsplash.com/audios/FMDDCD/6608cbec-ba51-49e0-bcf0-14a90e529897/audio.mp3	200
383: B-TV: Thanks | broadcast version	http://media.focusonthefamily.com/aio/mp3/AIO_383_BTV_Thanks.mp3	200
384: Amazing Grace	http://cdn.subsplash.com/audios/FMDDCD/d0f30d6f-6a91-4545-b3a6-ba7d4aac24ec/audio.mp3	200
387: New Years Eve Live!	http://web.archive.org/web/20210104233735oe_/cdn.subsplash.com/audios/FMDDCD/_source/2b39d0c5-f2cb-4e60-8ae5-848047da9c5a/audio.mp3	200
388: Leap of Faith	http://cdn.subsplash.com/audios/FMDDCD/d51dbef5-9748-4e50-ac91-930889d8a7f2/audio.mp3	200
389: OT Action News: Jephthah's Vow	http://cdn.subsplash.com/audios/FMDDCD/f9c2bd8d-22eb-4a72-bc20-b605750d3e2f/audio.mp3	200
390: No Bones About It	http://cdn.subsplash.com/audios/FMDDCD/d9bcf0eb-e7b9-472c-9907-cb914271bf4a/audio.mp3	200
391: The Joke's on You	http://cdn.subsplash.com/audios/FMDDCD/68ddd52e-90df-421e-9f86-7c2eacb946ff/audio.mp3	200
392: When in Doubt…Pray! | LightSource Focus@Home copy | broadcast version	http://media.focusonthefamily.com/aio/mp3/AIO_392_When_in_Doubt_Pray.mp3	200
393: Wrapped Around Your Finger	http://cdn.subsplash.com/audios/FMDDCD/f2430b31-ada2-4d14-832c-fde3a6b1d119/audio.mp3	200
394: Saint Patrick: A Heart Afire, Part 1 of 2	http://cdn.subsplash.com/audios/FMDDCD/1786ac1e-a650-411f-993c-4fffbdb5f0d4/audio.mp3	200
395: Saint Patrick: A Heart Afire, Part 2 of 2	http://cdn.subsplash.com/audios/FMDDCD/950629a9-bfd3-4878-8fb9-aec899bff50a/audio.mp3	200
396: Poor Loser	http://cdn.subsplash.com/audios/FMDDCD/83e0f9be-4405-4971-a3a8-b7fe934de7aa/audio.mp3	200
397: Tornado!	http://cdn.subsplash.com/audios/FMDDCD/79473f88-025e-42ac-928c-da7ecdcf3bd6/audio.mp3	200
398: A Case of Revenge	http://cdn.subsplash.com/audios/FMDDCD/a3b26be4-ba73-412a-a194-20e5505d4683/audio.mp3	200
399: Bernard and Job	http://cdn.subsplash.com/audios/FMDDCD/47c88e0a-b05e-4098-b51e-b4754476c258/audio.mp3	200
400: The Spy Who Bugged Me	http://cdn.subsplash.com/audios/FMDDCD/6b43de6f-90f8-4dcf-a0de-f0091c999c2e/audio.mp3	200
401: More Like Alicia	http://cdn.subsplash.com/audios/FMDDCD/ced983a7-7170-464b-9c14-04cca35e7469/audio.mp3	200
402: Arizona Sunrise | broadcast version	http://media.focusonthefamily.com/aio/mp3/AIO_402_Arizona_Sunrise.mp3	200
403: Faster Than a Speeding Ticket	http://cdn.subsplash.com/audios/FMDDCD/7aa44924-9ba3-4584-9611-4f13962da441/audio.mp3	200
404: Hide and Seek | broadcast version	http://media.focusonthefamily.com/aio/mp3/AIO_404_Hide_and_Seek.mp3	200
405: The Graduate	http://cdn.subsplash.com/audios/FMDDCD/17313d30-4d94-48fd-90b1-49be85a27e45/audio.mp3	200
406: Malachi's Message, Part 1 of 3	http://cdn.subsplash.com/audios/FMDDCD/b9190a3d-3743-4103-92c6-7355e9856456/audio.mp3	200
407: Malachi's Message, Part 2 of 3	http://cdn.subsplash.com/audios/FMDDCD/f9b7ca6d-69dd-46fc-959e-9734b938f0a0/audio.mp3	200
408: Malachi's Message, Part 3 of 3	http://cdn.subsplash.com/audios/FMDDCD/8367cfd0-70dd-466d-87de-cb8ec75b2ac0/audio.mp3	200
409: Natural Born Leader	http://cdn.subsplash.com/audios/FMDDCD/92e281a4-d6f3-4ddb-92bd-278f68ff6e4b/audio.mp3	200
410: B-TV: Forgiveness	http://cdn.subsplash.com/audios/FMDDCD/7465dfa2-0127-4049-8ebb-f331e9c30281/audio.mp3	200
411: In All Things Give Thank	http://cdn.subsplash.com/audios/FMDDCD/bf6e25f5-350c-4ca8-8c7b-fded792f9768/audio.mp3	200
412: A Lesson From Mike	http://cdn.subsplash.com/audios/FMDDCD/cf3cbcf2-d2a4-40bf-9f16-e92fe945e1d8/audio.mp3	200
413: The Devil Made Me Do It	http://cdn.subsplash.com/audios/FMDDCD/ad4aad5d-d989-4f64-bebf-587f7bbeb438/audio.mp3	200
414: Buried Sin	http://cdn.subsplash.com/audios/FMDDCD/5dabcac4-e234-4e40-b84d-09cd81cfe1b4/audio.mp3	200
415: Gloobers!	http://cdn.subsplash.com/audios/FMDDCD/0e1737ea-b99f-4e4a-ab77-e05e50390fc0/audio.mp3	200
416: The Tower | another copy	http://media.focusonthefamily.com/aio/mp3/AIO_416_The_Tower.mp3	200
417: Not-So-Trivial Pursuits	http://cdn.subsplash.com/audios/FMDDCD/faa0e3c7-bfe3-4a82-92cf-fe7d4819afcb/audio.mp3	200
418: Opening Day	http://cdn.subsplash.com/audios/FMDDCD/63ff5858-43a8-48ad-8eb5-398e5b1a2760/audio.mp3	200
419: Another Man's Shoes	http://cdn.subsplash.com/audios/FMDDCD/42febbbd-b842-43de-abf7-7bccf7517a27/audio.mp3	200
420: Telemachus, Part 1 of 2	http://cdn.subsplash.com/audios/FMDDCD/68a24e92-d526-458c-9df1-5cb00b1ce01c/audio.mp3	200
421: Telemachus, Part 2 of 2	http://cdn.subsplash.com/audios/FMDDCD/2c7e157a-3c91-43b7-81df-e11ae0377aa3/audio.mp3	200
422: Passages: Fletcher's Rebellion, Part 1 of 2	http://cdn.subsplash.com/audios/FMDDCD/d5aa094c-22ea-4552-b269-78dc7b0261be/audio.mp3	200
423: Passages: Fletcher's Rebellion, Part 2 of 2	http://cdn.subsplash.com/audios/FMDDCD/bfc96c0c-cba5-49ce-93f0-0c8a43f0f848/audio.mp3	200
424: Blackgaard's Revenge, Part 1 of 2	http://cdn.subsplash.com/audios/FMDDCD/230c3bc1-aa8c-4df1-bee6-1be609366d2b/audio.mp3	200
425: Blackgaard's Revenge, Part 2 of 2	http://cdn.subsplash.com/audios/FMDDCD/598a3dd0-5cf2-410d-a85b-ef9d04ef519e/audio.mp3	200
426: The Buck Starts Here	http://cdn.subsplash.com/audios/FMDDCD/1b622d8c-2884-4305-ac5c-e82719a28b37/audio.mp3	200
427: Something Cliqued Between Us	http://cdn.subsplash.com/audios/FMDDCD/87f6c6c7-7b6a-46b3-a8ed-b6e325b19118/audio.mp3	200
428: The Eternal Birthday & Bethany's Imaginary Friend	http://cdn.subsplash.com/audios/FMDDCD/931731a8-548a-46a5-bf81-e035efd65a89/audio.mp3	200
429: The YAK Problem	http://cdn.subsplash.com/audios/FMDDCD/a315ddf6-2549-4979-acee-8cae2e4f9506/audio.mp3	200
430: Blind Girl's Bluff	http://cdn.subsplash.com/audios/FMDDCD/9587c52c-8867-41f1-8b35-e68e1dac4bf2/audio.mp3	200
431: Where There's Smoke & The Virtual Kid	http://cdn.subsplash.com/audios/FMDDCD/1f57e324-4bb6-4fd4-bcc1-e9be56c53c8a/audio.mp3	200
432: You Win Some, You Lose Some	http://cdn.subsplash.com/audios/FMDDCD/df638a89-d1c8-4dba-a8f5-ca9138fbee85/audio.mp3	200
433: The Treasure Room & Chain Reaction	http://cdn.subsplash.com/audios/FMDDCD/1e25996e-b26f-4b01-ab07-cbe40a609707/audio.mp3	200
437: Sunset Bowlawater & The Long Way Home	http://cdn.subsplash.com/audios/FMDDCD/1db4efd9-5abe-4c1a-bea4-cebeb3c8c898/audio.mp3	200
438a The Lyin' Tale & 442a: Two Roads	http://cdn.subsplash.com/audios/FMDDCD/368ee0eb-2558-42f9-bdb2-417dfea8cf45/audio.mp3	200
440: I Slap Floor	http://cdn.subsplash.com/audios/FMDDCD/67018b59-dae5-4582-bc1a-c89a9d4ff21d/audio.mp3	200
441: What Do You Think? & Idol Minds	http://cdn.subsplash.com/audios/FMDDCD/7ba18acf-ffad-460a-a1fa-5eb8b7c473d5/audio.mp3	200
443: Changing Rodney	http://cdn.subsplash.com/audios/FMDDCD/12c3576c-7273-4474-9ddf-aa50276d116e/audio.mp3	200
444: The Bad Guy & Bethany's Flood	http://cdn.subsplash.com/audios/FMDDCD/bd8739db-d6c1-42ce-8ff7-8acd6f60ce82/audio.mp3	200
445: No Boundaries	http://cdn.subsplash.com/audios/FMDDCD/0650149b-7e8b-47f6-8e4c-edefac1688ae/audio.mp3	200
446: A Matter of Manners & The Seven Deadly Dwarves	http://cdn.subsplash.com/audios/FMDDCD/f17e56a1-dfc3-4535-a52c-9e2b92c9189a/audio.mp3	200
447: Potlucks & Poetry	http://cdn.subsplash.com/audios/FMDDCD/786203dd-cb0f-4d02-bc64-20ded6d569e0/audio.mp3	200
448: Mandy's Debut	http://cdn.subsplash.com/audios/FMDDCD/e0c28256-e662-422e-934c-5dfd82583767/audio.mp3	200
449: The Big Deal, Part 1 of 2	http://cdn.subsplash.com/audios/FMDDCD/3bf3c8be-cca3-4b24-bbb4-a1042bf3acbf/audio.mp3	200
450: The Big Deal, Part 2 of 2	http://cdn.subsplash.com/audios/FMDDCD/2f38c293-d69d-4de6-aa7c-56e63f880ba9/audio.mp3	200
451: Life Trials of the Rich and Famous	http://cdn.subsplash.com/audios/FMDDCD/9f0519d9-51fb-40ee-8d64-595a2a1ed7be/audio.mp3	200
452: Missionary: Impossible	http://cdn.subsplash.com/audios/FMDDCD/ac154379-b24f-4256-886e-d21000847187/audio.mp3	200
453: The Great Wishy Woz, Part 1 of 2	http://cdn.subsplash.com/audios/FMDDCD/3f31c20b-8d08-4833-b032-acce39d62f3c/audio.mp3	200
454: The Great Wishy Woz, Part 2 of 2	http://cdn.subsplash.com/audios/FMDDCD/fc8ca020-90b3-46df-b8a3-80868d7338ae/audio.mp3	200
455: Best Laid Plans	http://cdn.subsplash.com/audios/FMDDCD/f2dc0c50-37f6-4950-b870-f708aaad0bc4/audio.mp3	200
456: Worst Day Ever	http://cdn.subsplash.com/audios/FMDDCD/5d704af9-0064-48fc-ba3b-5da9de7029b2/audio.mp3	200
458: Red Herring	http://cdn.subsplash.com/audios/FMDDCD/b88528a6-540c-4061-bab4-3bc5f3621a2f/audio.mp3	200
459: Slumber Party	http://cdn.subsplash.com/audios/FMDDCD/9087b1f4-0da6-4acd-b481-b43061c0cc6c/audio.mp3	200
460: Nova Rising	http://cdn.subsplash.com/audios/FMDDCD/f4bce811-0270-4ea4-82f6-b2262cfe4721/audio.mp3	200
461: B-TV: Obedience	http://cdn.subsplash.com/audios/FMDDCD/e9c88d4a-c980-428c-8e18-f169960f7450/audio.mp3	200
462: The W.E.	http://cdn.subsplash.com/audios/FMDDCD/bf2d39cc-5e21-41bf-8317-607e4e668ad7/audio.mp3	200
463: Green Eyes and Yellow Tulips	http://cdn.subsplash.com/audios/FMDDCD/7129d18b-75ff-43b6-8fd1-226c81c04c8e/audio.mp3	200
464: The Triangle, Part 1 of 2	http://cdn.subsplash.com/audios/FMDDCD/720f3f4e-0932-4e78-91a7-4b1572c88e57/audio.mp3	200
465: The Triangle, Part 2 of 2	http://cdn.subsplash.com/audios/FMDDCD/a7b55e4e-1df2-4e84-a7a4-04742d398020/audio.mp3	200
466: Snow Day | broadcast version	http://cdn.subsplash.com/audios/FMDDCD/eff89fa7-c4b3-4abc-b877-6e5c8755ee41/audio.mp3	200
468: Chains, Part 1 of 2	http://cdn.subsplash.com/audios/FMDDCD/13570d84-07be-499a-9127-623808685a9c/audio.mp3	200
469: Chains, Part 2 of 2	http://cdn.subsplash.com/audios/FMDDCD/94f850ca-0a81-4fac-9138-ffca83ad93b4/audio.mp3	200
471: Fifteen Minutes	http://cdn.subsplash.com/audios/FMDDCD/f94597d5-1ebb-4321-8129-ada9f8dc348a/audio.mp3	200
472: Welcoming Wooton | broadcast version	http://cdn.subsplash.com/audios/FMDDCD/e24f1a4d-43b3-4138-8869-4392425e64f9/audio.mp3	200
473: Breaking Point	http://cdn.subsplash.com/audios/FMDDCD/c16e5d7a-ea29-4a46-a4d0-bf1c7fa270b3/audio.mp3	200
474: Shining Armor, Part 1 of 2	http://cdn.subsplash.com/audios/FMDDCD/8937eab1-48c4-4998-bd87-4691335ec50b/audio.mp3	200
475: Shining Armor, Part 2 of 2	http://cdn.subsplash.com/audios/FMDDCD/d795273e-b22d-4ea5-b52f-3132e959de45/audio.mp3	200
477: O.T. Action News: Battle at the Kishon	http://cdn.subsplash.com/audios/FMDDCD/90449afa-9918-41db-bd65-a37c18510767/audio.mp3	200
478: Strange Boy in a Strange Land	http://cdn.subsplash.com/audios/FMDDCD/697fb6be-92e3-44b8-bc28-dffe351d80b7/audio.mp3	200
479: Happy Smilers	http://cdn.subsplash.com/audios/FMDDCD/040c8f95-fbfb-4bc7-8dae-006a840a4f40/audio.mp3	200
480: The Popsicle Kid	http://web.archive.org/web/20201228084129oe_/cdn.subsplash.com/audios/FMDDCD/_source/1156fdca-e5c1-4a9b-be48-202619b33326/audio.mp3	200
481: Grand Opening, Part 1 of 2 | 2012 airing	http://cdn.subsplash.com/audios/FMDDCD/f8f5fa6e-90ac-497e-9e1f-521bdba1973f/audio.mp3	200
482: Grand Opening, Part 2 of 2	http://cdn.subsplash.com/audios/FMDDCD/da24c9d2-7a96-45fb-a52c-53dc7858b328/audio.mp3	200
483: Secrets	http://cdn.subsplash.com/audios/FMDDCD/acd860e1-9a2c-4f19-8918-8f51a46f2ac5/audio.mp3	200
484: Plan B, Part 1 of 4: Missing in Action	http://cdn.subsplash.com/audios/FMDDCD/8306fb63-effe-4655-bad6-9df1caaf0858/audio.mp3	200
485: Plan B, Part 2 of 4: Collision Course	http://cdn.subsplash.com/audios/FMDDCD/af73d3e5-9996-4aee-8218-be7f070032f4/audio.mp3	200
486: Plan B, Part 3 of 4: Cross-Fire	http://cdn.subsplash.com/audios/FMDDCD/266a757c-99f2-4e45-974b-161edc7d1890/audio.mp3	200
487: Plan B, Part 4 of 4: Resistance	http://cdn.subsplash.com/audios/FMDDCD/44096400-6d9c-4120-8c53-68a628e2488c/audio.mp3	200
488: Under the Influence, Part 1 of 2	http://cdn.subsplash.com/audios/FMDDCD/0ff052e8-1c7c-4828-affa-ef95aea0b40a/audio.mp3	200
489: Under the Influence, Part 2 of 2	http://cdn.subsplash.com/audios/FMDDCD/8e7b2d95-e2f4-413f-8ea4-bd3c3fc7f67c/audio.mp3	200
491: The Black Veil, Part 2 of 2	http://cdn.subsplash.com/audios/FMDDCD/68336e14-f42c-44db-af84-64c79f3be90b/audio.mp3	200
492: Twisting Pathway	http://cdn.subsplash.com/audios/FMDDCD/7519c468-1671-4141-970e-f4204abd8a29/audio.mp3	200
493: Sheep's Clothing	http://cdn.subsplash.com/audios/FMDDCD/aea00a27-7a60-4b38-981d-41590c4217fe/audio.mp3	200
494: Box of Miracles	http://cdn.subsplash.com/audios/FMDDCD/7e8b3966-a24d-4067-9741-143f9b3e6394/audio.mp3	200
495: The Unraveling	http://cdn.subsplash.com/audios/FMDDCD/213d4e9e-ea6e-464d-9bb9-6de1059ea358/audio.mp3	200
496: Exceptional Circumstances	http://cdn.subsplash.com/audios/FMDDCD/e205255a-3990-4236-86bb-991b5bd8a271/audio.mp3	200
497: Expect the Worst	http://cdn.subsplash.com/audios/FMDDCD/430d6bfb-a957-4cf5-b009-ccbc0733cd6f/audio.mp3	200
498: Exactly As Planned	http://cdn.subsplash.com/audios/FMDDCD/df9c53ee-c41b-4b1f-86bc-63f45425ddb6/audio.mp3	200
499: Exit	http://cdn.subsplash.com/audios/FMDDCD/f4da98ae-d589-4531-897d-8d2313eeade9/audio.mp3	200
501: Inside the Studio | Whit finds the lost episodes in 2007.	http://cdn.subsplash.com/audios/FMDDCD/d6a09ee8-cc46-4e74-be71-140ef323a6b9/audio.mp3	200
502: Live at the 25!	http://cdn.subsplash.com/audios/FMDDCD/97794689-1e9c-4dba-a480-3e1645fcf639/audio.mp3	200
503: Between You and Me	http://cdn.subsplash.com/audios/FMDDCD/f7ecc5ce-2ef1-423d-b860-09301f091583/audio.mp3	200
504: Aubrey's Bathrobe	http://cdn.subsplash.com/audios/FMDDCD/99a213cf-384a-4e31-a591-fc7900344879/audio.mp3	200
505: The Toy Man	http://cdn.subsplash.com/audios/FMDDCD/60075188-874f-4d2c-bc29-0d21171aa97c/audio.mp3	200
506: For Trying Out Loud	http://cdn.subsplash.com/audios/FMDDCD/6762e674-cda2-4a82-aef7-3a37264cbcef/audio.mp3	200
507: The Benefit of the Doubt	http://cdn.subsplash.com/audios/FMDDCD/9f438e8d-400f-4848-b7ac-c6e3394e167b/audio.mp3	200
508: The American Revelation, Part 1 of 2	http://cdn.subsplash.com/audios/FMDDCD/6fb02f87-a1ac-4f81-86c6-522304acd7f3/audio.mp3	200
509: The American Revelation, Part 2 of 2	http://cdn.subsplash.com/audios/FMDDCD/15f59950-346b-4d95-81f7-ac2decd7519e/audio.mp3	200
510: For the Fun of It	http://cdn.subsplash.com/audios/FMDDCD/f9d9bcbe-306e-412a-a52f-4b8e40905b1c/audio.mp3	200
511: The Pact, Part 1 of 2	http://cdn.subsplash.com/audios/FMDDCD/0a7e4493-7bed-4586-90a0-75be49480ca9/audio.mp3	200
512: The Pact, Part 2 of 2	http://cdn.subsplash.com/audios/FMDDCD/306fdc37-9db4-466f-bd32-a97ad8d21ab8/audio.mp3	200
513: Do or Diet	http://cdn.subsplash.com/audios/FMDDCD/87280d39-e3a1-46e8-bb3e-06d5b7500374/audio.mp3	200
514: Room Enough for Two	http://cdn.subsplash.com/audios/FMDDCD/5f80b0d6-9f92-4260-96cc-80a48d01ed9a/audio.mp3	200
515: B-TV: Behind the Scenes	http://cdn.subsplash.com/audios/FMDDCD/43023da3-e67e-4109-a156-a1536fb999ff/audio.mp3	200
516: Bassett Hounds	http://web.archive.org/web/20201202212915oe_/cdn.subsplash.com/audios/FMDDCD/_source/1ebf5a6d-31db-4b35-896a-b3ee300c43c2/audio.mp3	200
518: The Case of the Disappearing Hortons	http://web.archive.org/web/20201205222027oe_/cdn.subsplash.com/audios/FMDDCD/_source/c34cdc71-6ca8-4370-977b-35623ba35fa3/audio.mp3	200
520: The Mystery at Tin Flat	http://web.archive.org/web/20201209004448oe_/cdn.subsplash.com/audios/FMDDCD/_source/3d88d785-0a2c-4726-8282-e21a3590593f/audio.mp3	200
521: Hindsight	http://web.archive.org/web/20201209004431oe_/cdn.subsplash.com/audios/FMDDCD/_source/f45f3269-6d63-404c-a9b1-5f32a2666d45/audio.mp3	200
523: Here Today, Gone Tomorrow? Part 1 of 3	http://web.archive.org/web/20201209004431oe_/cdn.subsplash.com/audios/FMDDCD/_source/06b79aad-2ad8-4105-829f-9de37a4671c5/audio.mp3	200
526: Seeing Red	http://web.archive.org/web/20201216003904oe_/https://cdn.subsplash.com/audios/FMDDCD/_source/568b6345-b0ae-4282-969a-b0998cfe7ed0/audio.mp3	200
527: Black Clouds	http://web.archive.org/web/20201216003836oe_/cdn.subsplash.com/audios/FMDDCD/_source/e93c280c-a993-4990-8bbf-f9da1d513cfa/audio.mp3	200
528: The Taming of the Two	http://web.archive.org/web/20201220022927oe_/cdn.subsplash.com/audios/FMDDCD/_source/d958bbec-91c6-4cec-a80d-94b0d53a509b/audio.mp3	200
529: The Mailman Cometh	http://web.archive.org/web/20201220022903oe_/cdn.subsplash.com/audios/FMDDCD/_source/c22b87c7-6d1d-4325-88d6-9754cc9d81b2/audio.mp3	200
530: Silver Lining	http://web.archive.org/web/20201228084106oe_/cdn.subsplash.com/audios/FMDDCD/_source/63b33cb5-9913-4f2e-b101-9f8daeed540c/audio.mp3	200
533: Something Blue, Part 1 of 2	http://web.archive.org/web/20210104233727oe_/cdn.subsplash.com/audios/FMDDCD/_source/fd4f7974-c0f4-4c19-9a30-6014f9aa5452/audio.mp3	200
562: The Last "I Do"	http://media.focusonthefamily.com/aio/mp3/AIO_562_The_Last_I_Do.mp3	200
563: Tuesdays with Wooton	http://cdn.subsplash.com/audios/FMDDCD/4c85f008-6421-4794-8ba9-0ecdd50b5a74/audio.mp3	200
571: For Better or for Worse, Part 2 of 2	http://cdn.subsplash.com/audios/FMDDCD/9825a9ff-bac4-44c2-b372-b76ad7b21722/audio.mp3	200
573: Back to Abnormal	http://cdn.subsplash.com/audios/FMDDCD/f235a78f-d81c-4f1d-b551-61dcc9e7f2fd/audio.mp3	200
574: Prisoners of Fear, Part 1 of 3	http://cdn.subsplash.com/audios/FMDDCD/6a37062e-02b3-4ec4-97da-afb6432cb227/audio.mp3	200
575: Prisoners of Fear, Part 2 of 3	http://cdn.subsplash.com/audios/FMDDCD/4097c1e6-14eb-4a7a-a761-2696dd0e39f1/audio.mp3	200
576: Prisoners of Fear, Part 3 of 3	http://cdn.subsplash.com/audios/FMDDCD/f959cf9a-d1cf-4fc1-bf1d-5e420934de3c/audio.mp3	200
578: All-Star Witness	http://cdn.subsplash.com/audios/FMDDCD/e6f836d1-5f9e-486b-9916-bba6d9486ceb/audio.mp3	200
579: Always	http://cdn.subsplash.com/audios/FMDDCD/970f49de-6f7b-4d92-b400-31d43fe7881b/audio.mp3	200
580: Tales of a Small-Town Thug	http://cdn.subsplash.com/audios/FMDDCD/c67b9523-aa6f-47f2-a580-703be128b509/audio.mp3	200
581: A Christmas Conundrum	http://cdn.subsplash.com/audios/FMDDCD/3193d1cb-0d87-4f1d-bfd0-518abfecdfc7/audio.mp3	200
582: Silent Night	http://cdn.subsplash.com/audios/FMDDCD/c732821f-70f1-499e-85e5-3d0c2818f937/audio.mp3	200
583: The Champ of the Camp	http://cdn.subsplash.com/audios/FMDDCD/0187c4b3-151f-42af-b772-4c2bfda9d0e4/audio.mp3	200
585: The Poor Rich Guy	http://cdn.subsplash.com/audios/FMDDCD/9536d24a-0745-4d09-83ba-aa39e53d81fd/audio.mp3	200
586: A Cheater Cheated	http://cdn.subsplash.com/audios/FMDDCD/8d4cfe64-65e7-45e8-ae73-b91f3b69c83c/audio.mp3	200
587: Bringing Up Dads	http://cdn.subsplash.com/audios/FMDDCD/ff305d03-bf3e-4278-a09d-9508abe97f3f/audio.mp3	200
588: Broken-Armed and Dangerous	http://cdn.subsplash.com/audios/FMDDCD/eb40c23f-c5a9-420b-b248-62b66f650cb0/audio.mp3	200
589: The Impossible	http://cdn.subsplash.com/audios/FMDDCD/0dc26b07-343d-44e5-a40d-8df80b81e976/audio.mp3	200
590: Three O'Clock Call	http://cdn.subsplash.com/audios/FMDDCD/5758d6a5-d5e0-419c-a25a-25b4ee54cc2f/audio.mp3	200
591: Switch	http://cdn.subsplash.com/audios/FMDDCD/601634a2-20d8-4c25-9fad-b3b17c302eec/audio.mp3	200
592: Now More Than Ever	http://cdn.subsplash.com/audios/FMDDCD/5c348d93-4328-45af-8a43-0f30a7a8223e/audio.mp3	200
593: Around the Block	http://cdn.subsplash.com/audios/FMDDCD/e354f12d-8851-4bab-84f9-15b8890c22bd/audio.mp3	200
594: A Time for Action, Part 1 of 2	http://cdn.subsplash.com/audios/FMDDCD/fed6c4b9-17dc-4759-bf2c-ddaeceb9dcd3/audio.mp3	200
595: A Time for Action, Part 2 of 2	http://cdn.subsplash.com/audios/FMDDCD/2244bf16-8276-40ac-bb44-1bdff2a794cb/audio.mp3	200
596: Cover of Darkness	http://cdn.subsplash.com/audios/FMDDCD/2b81685b-9359-4e42-b456-4f21664e82d0/audio.mp3	200
597: Out of Our Hands	http://cdn.subsplash.com/audios/FMDDCD/e3aa45b9-8cdb-412c-b769-3a7c4d02b7fb/audio.mp3	200
598: My Favorite Thing	http://cdn.subsplash.com/audios/FMDDCD/89b1709e-07ca-45a8-a8a7-007662abae14/audio.mp3	200
599: Blood, Sweat, and Fears	http://cdn.subsplash.com/audios/FMDDCD/28a7696f-33cf-4f06-ac31-3c904219f433/audio.mp3	200
600: The Nudge	http://cdn.subsplash.com/audios/FMDDCD/9b4a8ca4-68da-4a81-9816-d4f6a3b4d63e/audio.mp3	200
601: Bernard and Jeremiah | broadcast version	http://media.focusonthefamily.com/aio/mp3/AIO_601_Bernard_and_Jeremiah.mp3	200
602: Mum's the Word	http://cdn.subsplash.com/audios/FMDDCD/5e971471-0f83-4c62-a69e-19dfe7902081/audio.mp3	200
603: The Family Next Door | 2012 airing	http://cdn.subsplash.com/audios/FMDDCD/cc984163-24e4-4001-9f7d-09975f97b5e3/audio.mp3	200
604: Like Father, Like Wooton	http://cdn.subsplash.com/audios/FMDDCD/8489e7fa-0492-4a00-9676-a823ac36ad4f/audio.mp3	200
605: The Chosen One, Part 1 of 2	http://cdn.subsplash.com/audios/FMDDCD/953b58c1-3e3c-4359-80f4-679ce741f0f9/audio.mp3	200
606: The Chosen One, Part 2 of 2	http://cdn.subsplash.com/audios/FMDDCD/78ab281a-13e4-476a-87bb-70bc9f037b8f/audio.mp3	200
607: The Undeniable Truth	http://cdn.subsplash.com/audios/FMDDCD/9e5f46d7-2a77-4a89-bb07-2d8b9365f610/audio.mp3	200
608: Run-of-the-Mill Miracle | broadcast version	http://media.focusonthefamily.com/aio/mp3/AIO_608_Run_of_the_Mill_Miracle.mp3	200
609: Prequels of Love	http://cdn.subsplash.com/audios/FMDDCD/522c7a8d-b4cc-4747-964b-12923d9fa0e0/audio.mp3	200
610: Hear Me, Hear Me	http://cdn.subsplash.com/audios/FMDDCD/409964b0-80d9-4ce5-85de-59d17cd83f7a/audio.mp3	200
611: The Top Floor, Part 1 of 3	http://cdn.subsplash.com/audios/FMDDCD/ae951ebb-bf07-4c20-b10d-78cd5f2dc69b/audio.mp3	200
612: The Top Floor, Part 2 of 3	http://cdn.subsplash.com/audios/FMDDCD/bd1d8b77-91fc-4dca-850e-ea955ac7eeb9/audio.mp3	200
613: The Top Floor, Part 3 of 3	http://cdn.subsplash.com/audios/FMDDCD/b6bff1bb-7183-456c-b44a-caaf6aec45c7/audio.mp3	200
614: Best of Enemies	http://cdn.subsplash.com/audios/FMDDCD/2c6d8912-c946-4cf1-ad07-fd726c841093/audio.mp3	200
615: Only by His Grace	http://cdn.subsplash.com/audios/FMDDCD/e3021bd2-4b80-4c85-883f-61a81b7c3e21/audio.mp3	200
616: The Other Side of the Glass, Part 1 of 3	http://cdn.subsplash.com/audios/FMDDCD/3046ebf8-db17-46ac-a2a3-2578d2e6eae4/audio.mp3	200
617: The Other Side of the Glass, Part 2 of 3	http://cdn.subsplash.com/audios/FMDDCD/f315427b-8b72-4fcc-be99-db0b922d6a3e/audio.mp3	200
618: The Other Side of the Glass, Part 3 of 3	http://cdn.subsplash.com/audios/FMDDCD/0b86cfb2-a38d-415b-bb7c-36b5210e8ad5/audio.mp3	200
619: A New Era, Part 1 of 3	http://cdn.subsplash.com/audios/FMDDCD/3b3feb92-a9d4-4d95-990b-69b430506c01/audio.mp3	200
620: A New Era, Part 2 of 3	http://cdn.subsplash.com/audios/FMDDCD/61bf47e5-2435-4983-b342-06b3fd69e5e1/audio.mp3	200
621: A New Era, Part 3 of 3	http://cdn.subsplash.com/audios/FMDDCD/088da810-58eb-4ee8-86cd-4e1be8fef34b/audio.mp3	200
622: B-TV: Temptation	http://cdn.subsplash.com/audios/FMDDCD/5ed77cc5-2e27-4a5f-acb7-1ec71c02ba01/audio.mp3	200
623: Buddy Guard	http://cdn.subsplash.com/audios/FMDDCD/3ff28439-2946-4dc1-a1b9-2ef7da2dac91/audio.mp3	200
624: Wooing Wooton	http://cdn.subsplash.com/audios/FMDDCD/7cfa59c2-9c6c-46b4-a70b-f5934ffa5ba4/audio.mp3	200
625: Something Significant | broadcast version	http://media.focusonthefamily.com/aio/mp3/AIO_625_Something_Significant.mp3	200
626: Life, in the Third Person, Part 1 of 2	http://cdn.subsplash.com/audios/FMDDCD/4ee55aa9-7d1b-4073-8cf1-4320139dd446/audio.mp3	200
627: Life, in the Third Person, Part 2 of 2	http://cdn.subsplash.com/audios/FMDDCD/098f5e1b-1c68-4db3-9a8e-5e00205f3a0d/audio.mp3	200
628: The Highest Stakes, Part 1 of 2	http://cdn.subsplash.com/audios/FMDDCD/0234bd45-8eaa-42d5-932b-c1b61e4aafab/audio.mp3	200
629: The Highest Stakes, Part 2 of 2	http://cdn.subsplash.com/audios/FMDDCD/6cb4dbd2-8f51-43fd-a096-c5a305918381/audio.mp3	200
630: Chip Off the Shoulder	http://cdn.subsplash.com/audios/FMDDCD/4d97cd0a-21dc-4935-b7ca-6b58c7041a44/audio.mp3	200
631: A Capsule Comes to Town	http://cdn.subsplash.com/audios/FMDDCD/7f7f6522-4d79-432b-aebe-6157596a188f/audio.mp3	200
632: Suspicious Finds	http://cdn.subsplash.com/audios/FMDDCD/f582d9a3-39ca-4844-8cc4-27b4c0a8b6d0/audio.mp3	200
633: License to Deprive	http://cdn.subsplash.com/audios/FMDDCD/912871b7-6606-4ac0-abf6-0e574ac4ad64/audio.mp3	200
634: Accidental Dilemma, Part 1 of 2	http://cdn.subsplash.com/audios/FMDDCD/2ae5ead1-71a2-4398-8391-d938d0a58134/audio.mp3	200
635: Accidental Dilemma, Part 2 of 2	http://cdn.subsplash.com/audios/FMDDCD/7501f027-222f-4a8c-b022-45371427c694/audio.mp3	200
636: A Class Reenactment	http://cdn.subsplash.com/audios/FMDDCD/8eea3b0e-69be-4131-a141-6bab6939442b/audio.mp3	200
637: The Forgotten Deed	http://cdn.subsplash.com/audios/FMDDCD/4c056678-10ec-42f9-8528-628951e0ceaf/audio.mp3	200
638: The Triangled Web, Part 1 of 2	http://cdn.subsplash.com/audios/FMDDCD/e70c2c19-31a2-4126-b295-2f2f9225cb48/audio.mp3	200
639: The Triangled Web, Part 2 of 2	http://cdn.subsplash.com/audios/FMDDCD/4b0e032c-888b-4987-85ab-64fdea0ec57d/audio.mp3	200
640: Rights, Wrongs, and Winners	http://cdn.subsplash.com/audios/FMDDCD/b372b3af-3cdf-42d0-a8a7-6b00e4da1865/audio.mp3	200
641: The Imagination Station, Revisited, Part 1 of 2	http://cdn.subsplash.com/audios/FMDDCD/cb8c9cca-2977-48b3-a409-89372e9458af/audio.mp3	200
642: The Imagination Station, Revisited, Part 2 of 2	http://cdn.subsplash.com/audios/FMDDCD/5c00aa5e-0c0b-435b-a34c-552b974895cc/audio.mp3	200
643: Kidsboro, Part 1 of 3	http://cdn.subsplash.com/audios/FMDDCD/8f7a1514-415b-460a-bbb7-a0865c8492a2/audio.mp3	200
644: Kidsboro, Part 2 of 3	http://cdn.subsplash.com/audios/FMDDCD/c1a98365-e685-43e5-b8a8-f6b2662b87b1/audio.mp3	200
645: Kidsboro, Part 3 of 3	http://cdn.subsplash.com/audios/FMDDCD/9b0a0e1b-b652-4753-bacb-b13bbfe336a1/audio.mp3	200
647: Passages: Darien's Rise, Part 2 of 9	http://cdn.subsplash.com/audios/FMDDCD/bb11b123-c896-440c-91d8-86945c4b3c1c/audio.mp3	200
648: Passages: Darien's Rise, Part 3 of 9	http://cdn.subsplash.com/audios/FMDDCD/9d1c5e70-13e1-49ee-a671-4265159ed5cd/audio.mp3	200
651: Passages: Darien's Rise, Part 6 of 9	http://cdn.subsplash.com/audios/FMDDCD/d745f0b6-de5b-4b9d-8ff9-33a13dbb6aa5/audio.mp3	200
652: Passages: Darien's Rise, Part 7 of 9	http://cdn.subsplash.com/audios/FMDDCD/b445374e-b308-4c90-b26e-2f051af131b9/audio.mp3	200
653: Passages: Darien's Rise, Part 8 of 9	http://cdn.subsplash.com/audios/FMDDCD/dab78eaf-f3bd-4e08-a348-f90eee3d9f07/audio.mp3	200
654: Passages: Darien's Rise, Part 9 of 9	http://cdn.subsplash.com/audios/FMDDCD/518d7438-76c8-4486-abe2-60f80f9dc185/audio.mp3	200
655: The Inspiration Station, Part 1 of 2	http://cdn.subsplash.com/audios/FMDDCD/f10ebafa-0fe9-492d-b9b3-839684148a81/audio.mp3	200
656: The Inspiration Station, Part 2 of 2	http://cdn.subsplash.com/audios/FMDDCD/d2b41ffc-4031-4da5-8a64-54aacd6d7450/audio.mp3	200
657: Clutter	http://cdn.subsplash.com/audios/FMDDCD/a589187b-ed86-46e0-9cdc-d91cf47a84dc/audio.mp3	200
658: Game for a Mystery	http://cdn.subsplash.com/audios/FMDDCD/ec6da3a3-fe8c-4010-8b11-9aaf5c853ccf/audio.mp3	200
660: For the Birds	http://cdn.subsplash.com/audios/FMDDCD/dada7300-ae4f-4533-9a13-bede110c2ecd/audio.mp3	200
661: When You're Right, You're Right	http://cdn.subsplash.com/audios/FMDDCD/c4f52043-7d18-4369-9321-c4a1d58c6199/audio.mp3	200
662: Grandma's Visit	http://cdn.subsplash.com/audios/FMDDCD/451b1bc0-ab22-48d8-9c5a-d3ed1047b67a/audio.mp3	200
663: Finish What You...	http://cdn.subsplash.com/audios/FMDDCD/a7f9507b-ccff-4fd8-962e-5a749532d7b7/audio.mp3	200
664: The Jubilee Singers, Part 1 of 3	http://cdn.subsplash.com/audios/FMDDCD/8c25c6c4-c432-4ea7-8eee-868a1e032dd4/audio.mp3	200
667: The Mystery of the Clock Tower, Part 1 of 2	http://cdn.subsplash.com/audios/FMDDCD/4ea6ec71-978a-4dd4-a8a3-31a84f26daa1/audio.mp3	200
668: The Mystery of the Clock Tower, Part 2 of 2	http://cdn.subsplash.com/audios/FMDDCD/66069e0c-3fde-474e-b772-c426a351ddd7/audio.mp3	200
669: Wooton's Broken Pencil Show	http://cdn.subsplash.com/audios/FMDDCD/554d7d02-e4c2-4d6a-9478-1e2f7156d094/audio.mp3	200
675: A Thankstaking Story	http://cdn.subsplash.com/audios/FMDDCD/54b5ee2e-55c4-4708-94a7-eabf89105a3c/audio.mp3	200
678: Grandma's Christmas Visit	http://cdn.subsplash.com/audios/FMDDCD/629481d0-8892-4071-bfc1-4641c644170a/audio.mp3	200
679: The Green Ring Conspiracy, Part 1 of 12	http://cdn.subsplash.com/audios/FMDDCD/26f1d64a-764b-4197-b91f-351ee09ae98a/audio.mp3	200
680: The Green Ring Conspiracy, Part 2 of 12	http://cdn.subsplash.com/audios/FMDDCD/93068372-a555-407e-849a-ddfc74487e9e/audio.mp3	200
683: The Green Ring Conspiracy, Part 5 of 12	http://cdn.subsplash.com/audios/FMDDCD/a8a5b8d5-b54c-4882-92de-496af3711e3a/audio.mp3	200
684: The Green Ring Conspiracy, Part 6 of 12	http://cdn.subsplash.com/audios/FMDDCD/acbb54eb-9b8b-4a0e-ac76-6aba58b7594d/audio.mp3	200
685: The Green Ring Conspiracy, Part 7 of 12	http://cdn.subsplash.com/audios/FMDDCD/bb62775a-0eb1-42cd-b644-7be19e1be557/audio.mp3	200
686: The Green Ring Conspiracy, Part 8 of 12	http://cdn.subsplash.com/audios/FMDDCD/b43c8a65-ebbd-4d21-b325-8c3cc04eb4d2/audio.mp3	200
687: The Green Ring Conspiracy, Part 9 of 12	http://cdn.subsplash.com/audios/FMDDCD/26aeaf49-0a47-40a4-8f0a-5d49377fc940/audio.mp3	200
688: The Green Ring Conspiracy, Part 10 of 12	http://cdn.subsplash.com/audios/FMDDCD/41524db0-c053-4efb-ba32-6aa07547713b/audio.mp3	200
689: The Green Ring Conspiracy, Part 11 of 12	http://cdn.subsplash.com/audios/FMDDCD/2d40223b-8f3b-4c86-a804-7cce1b360e9a/audio.mp3	200
690: The Green Ring Conspiracy, Part 12 of 12	http://cdn.subsplash.com/audios/FMDDCD/fa011dbf-a4d2-40c9-9157-1169f438fb9d/audio.mp3	200
692: A Penny Saved	http://cdn.subsplash.com/audios/FMDDCD/50f43f53-974d-4c28-9b8c-fd9850ebf928/audio.mp3	200
693: The Amazing Loser	http://cdn.subsplash.com/audios/FMDDCD/90675922-8d05-41bb-8a2e-cc00eb3c1a8c/audio.mp3	200
694: Anger Mismanagement	http://cdn.subsplash.com/audios/FMDDCD/859d3411-6572-43c2-89cd-dd6d0d132e47/audio.mp3	200
695: Forgive More...or Less	http://cdn.subsplash.com/audios/FMDDCD/bb2b8190-0311-4fe4-90ab-f42167770f16/audio.mp3	200
696: You're Two Kind	http://cdn.subsplash.com/audios/FMDDCD/e26d7510-9d1a-488c-aecf-8e9296709da2/audio.mp3	200
697: A Penny Earned	http://cdn.subsplash.com/audios/FMDDCD/b26a5972-3982-42d8-a07e-6ae364de54ad/audio.mp3	200
698: Never for Nothing	http://cdn.subsplash.com/audios/FMDDCD/b04a9d4b-f1fe-4304-922f-bdb296a34ce4/audio.mp3	200
699: Emily the Genius	http://cdn.subsplash.com/audios/FMDDCD/2095f895-33c6-4a49-97f1-10b22362e25f/audio.mp3	200
700: How to Sink a Sub	http://cdn.subsplash.com/audios/FMDDCD/ca1cca8e-fc2c-43fc-9505-b5ad02e3bba0/audio.mp3	200
701: Unbecoming Jay	http://cdn.subsplash.com/audios/FMDDCD/d8085b85-9c58-4b34-9b95-9e17a7abc7aa/audio.mp3	200
702: Childish Things	http://cdn.subsplash.com/audios/FMDDCD/f7c3213c-4591-4ef3-81b0-5f854ef9bba2/audio.mp3	200
704: The Labyrinth, Part 2 of 3	http://cdn.subsplash.com/audios/FMDDCD/503bfef6-b2ef-4590-94c5-0e215164635c/audio.mp3	200
705: The Labyrinth, Part 3 of 3	http://cdn.subsplash.com/audios/FMDDCD/3d4eb2b2-7e48-4d9a-9367-e71a631da495/audio.mp3	200
706: To Mend or Repair	http://cdn.subsplash.com/audios/FMDDCD/50f54942-63dd-44f5-b02b-7c638118581e/audio.mp3	200
707: Mistaken for Good	http://cdn.subsplash.com/audios/FMDDCD/c656a982-b027-49a7-9bf3-72e183ea9295/audio.mp3	200
712: Child's Play	http://cdn.subsplash.com/audios/FMDDCD/7918b653-1101-4642-acfd-468cc29d1b94/audio.mp3	200
717: Great Expectations	http://cdn.subsplash.com/audios/FMDDCD/2fb99978-85f3-4a51-b68f-27aec8fd6f3d/audio.mp3	200
722: The Lost Riddle	http://cdn.subsplash.com/audios/FMDDCD/85baedd8-7427-46e5-80a1-6fac32948fc0/audio.mp3	200
723: Groundhog Jay	http://cdn.subsplash.com/audios/FMDDCD/0099b409-d6c0-4eda-b60d-4e70ac85b80a/audio.mp3	200
724: Home Again, Part 1 of 2	http://cdn.subsplash.com/audios/FMDDCD/2d2593ce-5d0f-4ef3-9f64-7089bb6eac54/audio.mp3	200
725: Home Again, Part 2 of 2	http://cdn.subsplash.com/audios/FMDDCD/30a10435-455e-4e8e-bb08-2c4022d63728/audio.mp3	200
726: Push the Red Button	http://cdn.subsplash.com/audios/FMDDCD/4dc66b44-79a7-4b00-b9b6-c54af3a56ee6/audio.mp3	200
727: Your Servant is Listening, Part 1 of 2	http://cdn.subsplash.com/audios/FMDDCD/10fec31f-2a0d-4db7-9931-504f0177a428/audio.mp3	200
728: Your Servant is Listening, Part 2 of 2	http://cdn.subsplash.com/audios/FMDDCD/caefc640-f5fe-40cc-890c-fa4e7fa80eb9/audio.mp3	200
729: No Chemistry Whatsoever	http://cdn.subsplash.com/audios/FMDDCD/760ba2f2-0b3a-467d-b5cf-5fd3ed9e365d/audio.mp3	200
730: The Friend Formula	http://cdn.subsplash.com/audios/FMDDCD/5c3c4a22-bfb2-419a-8803-cfa3e26c35dc/audio.mp3	200
731: More Than a Feeling	http://cdn.subsplash.com/audios/FMDDCD/971d6593-cb34-4cad-8416-a3f772d45328/audio.mp3	200
732: Repent After Me	http://cdn.subsplash.com/audios/FMDDCD/dd49fdcb-2cb7-489b-884c-09d74dc76e15/audio.mp3	200
733: Big Trouble Under the Big Top	http://cdn.subsplash.com/audios/FMDDCD/69e0e47e-7a21-4b2f-84e5-1f328a5e2bcc/audio.mp3	200
734: Life Expectancy, Part 1 of 3	http://cdn.subsplash.com/audios/FMDDCD/24981e9f-b461-435d-a1e2-deefd5dad4b2/audio.mp3	200
735: Life Expectancy, Part 2 of 3	http://cdn.subsplash.com/audios/FMDDCD/6a1cc57a-1dd3-4f1b-a695-c44f1feff7c4/audio.mp3	200
736: Life Expectancy, Part 3 of 3	http://cdn.subsplash.com/audios/FMDDCD/c4b9bd95-cfda-4442-bc96-8407aeef2735/audio.mp3	200
737: The Pilot, Part 1 of 2	http://cdn.subsplash.com/audios/FMDDCD/4582558e-e475-4691-9f30-a4c55c169c61/audio.mp3	200
738: The Pilot, Part 2 of 2	http://cdn.subsplash.com/audios/FMDDCD/e03144db-595f-4363-8f81-698295e7e270/audio.mp3	200
751: The Ties That Bind, Part 1 of 14	http://cdn.subsplash.com/audios/FMDDCD/672ea3ff-05d6-4e93-b85f-8c3613c1117a/audio.mp3	200
752: The Ties That Bind, Part 2 of 14	http://cdn.subsplash.com/audios/FMDDCD/22e37455-8591-47b2-a6b9-1e3b25f95d48/audio.mp3	200
753: The Ties That Bind, Part 3 of 14 | 2021 airing	http://cdn.subsplash.com/audios/FMDDCD/0bf7019a-7d0d-40a7-9fe5-6071fab8912c/audio.mp3	200
754: The Ties That Bind, Part 4 of 14	http://cdn.subsplash.com/audios/FMDDCD/937f1255-aebe-4d1a-9cbc-4159fd580ec6/audio.mp3	200
755: The Ties That Bind, Part 5 of 14	http://cdn.subsplash.com/audios/FMDDCD/5b04a367-dcc8-49e9-a711-589446698faf/audio.mp3	200
756: The Ties That Bind, Part 6 of 14 | Parker Home | 2021 airing	http://cdn.subsplash.com/audios/FMDDCD/e8f0a388-c2e4-4e17-b795-3ba3411bdeab/audio.mp3	200
757: The Ties That Bind, Part 7 of 14	http://cdn.subsplash.com/audios/FMDDCD/a4c5a236-61f8-4292-941c-68321f9b25cd/audio.mp3	200
758: The Ties That Bind, Part 8 of 14	http://cdn.subsplash.com/audios/FMDDCD/d6501de0-6ef6-4b2c-b34f-783e249ec72c/audio.mp3	200
759: The Ties That Bind, Part 9 of 14	http://cdn.subsplash.com/audios/FMDDCD/c1f43ad5-0eef-4db8-9043-ecb126379e93/audio.mp3	200
760: The Ties That Bind, Part 10 of 14	http://cdn.subsplash.com/audios/FMDDCD/ec42f47e-01a5-4009-92cf-75798884cc1e/audio.mp3	200
761: The Ties That Bind, Part 11 of 14	http://cdn.subsplash.com/audios/FMDDCD/2f38b228-97b0-4f97-b3f1-766810009ba8/audio.mp3	200
763: The Ties That Bind, Part 13 of 14	http://cdn.subsplash.com/audios/FMDDCD/e26fc7c6-4703-4bf7-8dc8-d0a5ff000180/audio.mp3	200
764: The Ties That Bind, Part 14 of 14	http://cdn.subsplash.com/audios/FMDDCD/95660746-0401-4c5f-ab3c-32410c3d1122/audio.mp3	200
773: Hidden Gems | first scene next scene | expired link	http://cdn.subsplash.com/audios/FMDDCD/0cb49264-ac64-4129-a18b-813f76d7ec63/audio.mp3	200
777: First Things First	http://cdn.subsplash.com/audios/FMDDCD/442cac3e-31fa-4975-a406-3c9aadf7d731/audio.mp3	200
778: Playing the Predictable	http://cdn.subsplash.com/audios/FMDDCD/8a5ef534-4357-469b-a4fd-375d536eabe1/audio.mp3	200
779: A Big Commitment	http://cdn.subsplash.com/audios/FMDDCD/26d3229a-89e7-4348-b3eb-df8d24a1440c/audio.mp3	200
780: Dinner Roll Models	http://cdn.subsplash.com/audios/FMDDCD/d618417f-21f3-4c6f-8e5e-0f53a62219a4/audio.mp3	200
781: Out of the Woods	http://cdn.subsplash.com/audios/FMDDCD/71688e65-f6ad-4bbb-8ccf-d33354eb278a/audio.mp3	200
782: Let's Get Together	http://cdn.subsplash.com/audios/FMDDCD/f8f2f3e3-78ba-44ea-acd6-ea656e26665d/audio.mp3	200
783: Words from the Wise	http://cdn.subsplash.com/audios/FMDDCD/63086d8b-82bd-4038-bea5-8fbabaafa3f3/audio.mp3	200
784: Cycle of Fear | 2017 airing	http://cdn.subsplash.com/audios/FMDDCD/0db95e84-8b0b-49e4-a7f9-ccc884c1ca5f/audio.mp3	200
785: No Cause for Concern | 2021 airing	http://cdn.subsplash.com/audios/FMDDCD/910d74f6-d90a-4968-9fe4-55671ca1d0ba/audio.mp3	200
786: The Case of the Ball Cap Hero	http://cdn.subsplash.com/audios/FMDDCD/22d43d43-e6f5-4b5f-bcc3-4f0bc2653e7a/audio.mp3	200
787: Between the Lines, Part 1 of 2	http://cdn.subsplash.com/audios/FMDDCD/f2346609-6e72-4481-9752-4c3294bb2dee/audio.mp3	200
788: Between the Lines, Part 2 of 2	http://cdn.subsplash.com/audios/FMDDCD/e68a9c1a-8fa4-4375-9b67-f3df5f2bcc66/audio.mp3	200
797: A Predicament of Biblical Proportions	http://cdn.subsplash.com/audios/FMDDCD/d61f99fb-8e56-47f2-953f-72df18a4ff3f/audio.mp3	200
801: The Feud of Mason County	http://cdn.subsplash.com/audios/FMDDCD/9b6c47e6-730a-419f-a3dd-b6f593661997/audio.mp3	200
802: Parker for President	http://cdn.subsplash.com/audios/FMDDCD/5ddf6a47-9b62-4a6a-b648-adaf79442f40/audio.mp3	200
803: Old Tricks	http://cdn.subsplash.com/audios/FMDDCD/dd3c1d84-0636-4e64-a8a0-3a47d1cac85d/audio.mp3	200
804: The Key Suspect	http://cdn.subsplash.com/audios/FMDDCD/bc4db933-b151-409a-ac92-43c39f294ea5/audio.mp3	200
805: A Very Bassett Wedding, Part 1 of 2	http://cdn.subsplash.com/audios/FMDDCD/eebf7e83-3732-4b9c-8a1a-6c98a0af543d/audio.mp3	200
806: A Very Bassett Wedding, Part 2 of 2	http://cdn.subsplash.com/audios/FMDDCD/af5670cf-8308-41d7-9177-9f3bd2214897/audio.mp3	200
807: Connie the Counselor	http://cdn.subsplash.com/audios/FMDDCD/5eb66d1f-e773-46be-8d47-a10df417f396/audio.mp3	200
808: No Friend Like an Old Friend	http://cdn.subsplash.com/audios/FMDDCD/544279ee-4138-4920-94bd-3296774e45c6/audio.mp3	200
809: Fathers and Sons	http://cdn.subsplash.com/audios/FMDDCD/cd4a6f49-0f4d-4ae6-a9df-c82d237c6053/audio.mp3	200
810: The Grass is Always Greener	http://cdn.subsplash.com/audios/FMDDCD/8a561ec8-ceb6-4134-943e-034f4cf64144/audio.mp3	200
811: Legacy, Part 1 of 2	http://cdn.subsplash.com/audios/FMDDCD/31122de6-9d5e-4cd0-b8d4-1fb4d5e5bbe7/audio.mp3	200
812: Legacy, Part 2 of 2	http://cdn.subsplash.com/audios/FMDDCD/e7d41ae5-bebf-435a-9a95-a282c8ea54b2/audio.mp3	200
826: Find a Penny, Part 1 of 2	http://cdn.subsplash.com/audios/FMDDCD/dcdba2bb-424c-4763-bd2f-cbd1cdccdb7d/audio.mp3	200
827: Find a Penny, Part 2 of 2	http://cdn.subsplash.com/audios/FMDDCD/c9b14124-d617-460b-82ba-2a93e9be5d4c/audio.mp3	200
828: Friend or Foe | another copy	http://cdn.subsplash.com/audios/FMDDCD/9a65ea8c-531f-47e0-99c9-425fb7cf9da6/audio.mp3	200
829: Have a Heart	http://cdn.subsplash.com/audios/FMDDCD/c3fac11b-0b89-45fe-8a56-a1e7f6cca0b7/audio.mp3	200
830: B-TV: Revenge	http://cdn.subsplash.com/audios/FMDDCD/ad0906a7-2c35-4036-afb2-db738c596186/audio.mp3	200
831: Crash Course	http://cdn.subsplash.com/audios/FMDDCD/ca9a57a3-6c7b-4851-8f6d-47a9954ad7f8/audio.mp3	200
832: Your Honest Opinion, Please	http://cdn.subsplash.com/audios/FMDDCD/0183339d-52fe-4649-902c-a80be19885fe/audio.mp3	200
833: The Secret of the Writer's Ruse	http://cdn.subsplash.com/audios/FMDDCD/2db7357d-904d-4d9f-a932-df0560c0bda9/audio.mp3	200
834: Sir Buddy's Snowy Day	http://cdn.subsplash.com/audios/FMDDCD/1990737c-9d28-46b7-94c0-70c311b75267/audio.mp3	200
835: David and Absalom, Part 1 of 2	http://cdn.subsplash.com/audios/FMDDCD/ae1c8746-6924-4954-bd6f-7cc4c1976d34/audio.mp3	200
836: David and Absalom, Part 2 of 2	http://cdn.subsplash.com/audios/FMDDCD/ff638c3d-d3e1-41d8-9214-474396ed1d24/audio.mp3	200
837: Out of the Picture	http://cdn.subsplash.com/audios/FMDDCD/645b15db-3904-4a8e-841c-7cdb9f0aafc4/audio.mp3	200
850: The Shame About Fame | 2021 airing	http://cdn.subsplash.com/audios/FMDDCD/93c55ee4-d531-414a-8d2f-408610f6402d/audio.mp3	200
851: The Sandwich Initiative	http://cdn.subsplash.com/audios/FMDDCD/e2bba312-9ba3-48ee-a66b-43988c23473e/audio.mp3	200
853: The Good in People | 2020 airing	http://cdn.subsplash.com/audios/FMDDCD/a35878a1-d5a7-49d4-a038-f9add8749345/audio.mp3	200
854: Not What I Expected	http://cdn.subsplash.com/audios/FMDDCD/a3438298-80bf-4bba-8bbd-4e1e4c0a06e3/audio.mp3	200
855: Divided We Fall	http://cdn.subsplash.com/audios/FMDDCD/8021d002-a93f-4eb2-8a80-8aaecb10241e/audio.mp3	200
856: Much Ado About Jealousy	http://cdn.subsplash.com/audios/FMDDCD/803ea765-9738-40c2-a206-89385d6e9b42/audio.mp3	200
858: B-TV: Trinity	http://cdn.subsplash.com/audios/FMDDCD/e2393d5e-7755-4c19-b6d5-1855b551bff1/audio.mp3	200
859: The Long End, Part 1 of 3	http://cdn.subsplash.com/audios/FMDDCD/30cf5e1b-50cf-43d1-b75a-74faa01badd6/audio.mp3	200
860: The Long End, Part 2 of 3	http://cdn.subsplash.com/audios/FMDDCD/cf54710f-0334-4d22-bbd6-87c2eac51fa1/audio.mp3	200
861: The Long End, Part 3 of 3	http://cdn.subsplash.com/audios/FMDDCD/652fc657-d6ec-4088-b0dc-eb670772276d/audio.mp3	200
875: Man of the House	http://cdn.subsplash.com/audios/FMDDCD/e590e6a9-3077-444a-9d58-c10382abdcc2/audio.mp3	200
876: Page from the Playbook	http://cdn.subsplash.com/audios/FMDDCD/e7ef597a-d13f-4fa2-b7e2-15543cea0966/audio.mp3	200
877: A Sacrificial Escape	http://cdn.subsplash.com/audios/FMDDCD/a4e310bb-0c31-4de1-bdc5-6e365af0b193/audio.mp3	200
878: Nightmares by Constance, Part 1 of 2	http://cdn.subsplash.com/audios/FMDDCD/f02ad6f9-7d7d-4faa-970d-ff622cbfcbde/audio.mp3	200
879: Nightmares by Constance, Part 2 of 2	http://cdn.subsplash.com/audios/FMDDCD/80900198-8a2a-41b9-86fd-1bbd4dc22e53/audio.mp3	200
898: The Rydell Revelations, Part 1 of 3	http://cdn.subsplash.com/audios/FMDDCD/c05dbf53-dfb0-40e1-a9f9-33873e6c0cd8/audio.mp3	200
899: The Rydell Revelations, Part 2 of 3	http://cdn.subsplash.com/audios/FMDDCD/28d4cdd7-254b-4cdd-821d-89b722ad9d81/audio.mp3	200
900: The Rydell Revelations, Part 3 of 3	http://cdn.subsplash.com/audios/FMDDCD/f7e2be79-87d2-4db1-9e5c-f0fbb891f4d3/audio.mp3	200
901: For a Song	http://cdn.subsplash.com/audios/FMDDCD/52f73bfb-9c5f-45f5-84d7-19e6759fc879/audio.mp3	200
902: California Dreams, Part 1 of 2	http://cdn.subsplash.com/audios/FMDDCD/fa456359-890c-487e-b387-815d70ebb784/audio.mp3	200
903: California Dreams, Part 2 of 2	http://cdn.subsplash.com/audios/FMDDCD/be2b4abf-eaba-4902-9d9a-eecfdb258b59/audio.mp3	200
904: Jumping Off, Jumping In | read along	http://cdn.subsplash.com/audios/FMDDCD/0583e4ad-c415-4a04-a610-0635f3f9f36c/audio.mp3	200
905: Auto Response	http://cdn.subsplash.com/audios/FMDDCD/3c479dc0-f3d1-4d72-bcbb-1a199160b9dd/audio.mp3	200
906: Unrelatable	http://cdn.subsplash.com/audios/FMDDCD/45ab246a-b873-4b68-8cf4-cdcd3ea1dc0e/audio.mp3	200
907: The Protector	http://cdn.subsplash.com/audios/FMDDCD/a272c109-ed3e-4181-8ac3-ee5f1e8139c4/audio.mp3	200
908: The Christmas Bells	http://cdn.subsplash.com/audios/FMDDCD/de21fca0-682f-4ca7-8c16-e981c10c6cec/audio.mp3	200
909: Let's Call the Whole Thing Off	http://cdn.subsplash.com/audios/FMDDCD/d27e3a13-1a6e-4941-8f02-141be5a9b8e6/audio.mp3	200
922: The Team	http://cdn.subsplash.com/audios/FMDDCD/08baec33-2fff-4aa4-ab87-e561b473d137/audio.mp3	200
923: Please Adjust Your Frequency	http://cdn.subsplash.com/audios/FMDDCD/c1ceeea8-c6ef-4040-a788-9822062e5413/audio.mp3	200
924: Higher Than Our Ways	http://cdn.subsplash.com/audios/FMDDCD/83ba5d69-8a39-49bb-bb92-3fe0214e200c/audio.mp3	200
925: Triple-Decker Sundae	http://cdn.subsplash.com/audios/FMDDCD/14aa7a0a-ee60-43a7-bcc2-2f62bed92329/audio.mp3	200
926: Set a Watchman	http://cdn.subsplash.com/audios/FMDDCD/c63a7ab6-89a3-4560-8ffa-6ce226e680ab/audio.mp3	200
927: Worth It	http://cdn.subsplash.com/audios/FMDDCD/341e98f7-e859-4789-8f03-6a00dd00ea78/audio.mp3	200
928: The Lost One, Part 1 of 2	http://cdn.subsplash.com/audios/FMDDCD/98e0074f-76a5-4731-a311-40cceb9dc36f/audio.mp3	200
929: The Lost One, Part 2 of 2	http://cdn.subsplash.com/audios/FMDDCD/fbdc99ae-893f-46a2-a6c8-5fea25e21910/audio.mp3	200
930: Judge Me Tender | follow along	http://cdn.subsplash.com/audios/FMDDCD/2af77578-ed4b-4b28-b9c3-35e4c3af7097/audio.mp3	200
931: As Buck Would Have It, Part 1 of 3	http://cdn.subsplash.com/audios/FMDDCD/dd039e33-e02c-4c26-9ed9-8faf474505f5/audio.mp3	200
932: As Buck Would Have It, Part 2 of 3	http://cdn.subsplash.com/audios/FMDDCD/287aeb67-7be6-4647-9d41-79594041ab8f/audio.mp3	200
933: As Buck Would Have It, Part 3 of 3 | pic of climactic scene	http://cdn.subsplash.com/audios/FMDDCD/5639a287-bce8-486f-87d3-6a93afe6da9f/audio.mp3	200
